{"labels_3d": [0, 0, 0, 0, 0, 0], "scores_3d": [0.317486435174942, 0.29200711846351624, 0.1531297117471695, 0.1522507220506668, 0.13350684940814972, 0.13330550491809845], "bboxes_3d": [[19.863813400268555, -1.4053174257278442, 0.43628180027008057, 3.746056318283081, 1.6375131607055664, 1.5067799091339111, 3.1971898078918457], [20.080385208129883, 0.516572892665863, 0.41884833574295044, 4.078934669494629, 1.6846081018447876, 1.648687720298767, 3.095371723175049], [13.550540924072266, -4.060768127441406, -0.014162540435791016, 3.6228582859039307, 1.6133817434310913, 1.4796879291534424, -1.3801766633987427], [19.977102279663086, -3.3162052631378174, 0.48546159267425537, 4.10342264175415, 1.6600420475006104, 1.610975980758667, -0.19043326377868652], [15.359477043151855, -1.8505768775939941, -0.011493802070617676, 4.282103538513184, 1.6053193807601929, 1.5128827095031738, 4.638936996459961], [19.765594482421875, 2.389597177505493, 0.43627387285232544, 4.068994998931885, 1.6644505262374878, 1.4748739004135132, 2.891796588897705]], "box_type_3d": "LiDAR"}