{"labels_3d": [0, 0, 0, 0, 0, 0, 0, 0, 0, 0], "scores_3d": [0.9750317931175232, 0.968176007270813, 0.9457359910011292, 0.8904551863670349, 0.8889732956886292, 0.7712068557739258, 0.7554472088813782, 0.7058889865875244, 0.579605221748352, 0.44174179434776306], "bboxes_3d": [[14.758358001708984, -1.0538222789764404, -1.558962345123291, 3.7562527656555176, 1.6059751510620117, 1.558718204498291, -0.31309258937835693], [6.437827110290527, -3.8678956031799316, -1.7354447841644287, 3.1476027965545654, 1.4598557949066162, 1.4284149408340454, -0.2996706962585449], [8.1122465133667, 1.216972827911377, -1.6339889764785767, 3.6663286685943604, 1.5731128454208374, 1.5915477275848389, 2.8161821365356445], [20.169815063476562, -8.431066513061523, -1.6690775156021118, 2.3815901279449463, 1.5175892114639282, 1.5694243907928467, -0.3255056142807007], [33.45586395263672, -7.035797119140625, -1.3376078605651855, 4.214127540588379, 1.7446203231811523, 1.669659972190857, 2.828476667404175], [55.62160873413086, -20.328807830810547, -1.3770872354507446, 4.370497703552246, 1.7359745502471924, 1.7067790031433105, 2.8503031730651855], [3.638274669647217, 2.7380857467651367, -1.6891673803329468, 3.7205231189727783, 1.5819661617279053, 1.5178043842315674, -0.2304767370223999], [25.04045867919922, -10.156481742858887, -1.6325457096099854, 3.738957405090332, 1.6085045337677002, 1.4840216636657715, -0.329845666885376], [28.725322723388672, -1.552488088607788, -1.201728105545044, 3.6939048767089844, 1.5429327487945557, 1.560895562171936, 1.241655945777893], [40.87089920043945, -9.748838424682617, -1.3668367862701416, 3.8332817554473877, 1.652990698814392, 1.570430040359497, -0.2881655693054199]], "box_type_3d": "LiDAR"}